,Player_ID,GAME_DATE,MIN,REB,FGA,DAYS_REST
0,201142,2013-04-15,37,7,16,0
1,201142,2013-04-12,30,5,11,-3
2,201142,2013-04-11,34,10,16,-1
3,201142,2013-04-09,37,12,10,-2
4,201142,2013-04-07,45,3,17,-2
5,201142,2013-04-05,34,9,21,-2
6,201142,2013-04-04,45,9,20,-1
7,201142,2013-03-30,38,8,19,-5
8,201142,2013-03-29,41,7,19,-1
9,201142,2013-03-27,31,6,10,-2
10,201142,2013-03-24,37,10,17,-3
11,201142,2013-03-22,41,8,14,-2
12,201142,2013-03-20,48,8,28,-2
13,201142,2013-03-19,43,7,23,-1
14,201142,2013-03-17,39,9,19,-2
15,201142,2013-03-15,36,9,15,-2
16,201142,2013-03-13,29,10,13,-2
17,201142,2013-03-11,40,6,13,-2
18,201142,2013-03-10,39,11,16,-1
19,201142,2013-03-08,24,6,12,-2
20,201142,2013-03-07,44,8,20,-1
21,201142,2013-03-05,40,9,22,-2
22,201142,2013-03-03,45,9,25,-2
23,201142,2013-03-01,40,14,20,-2
24,201142,2013-02-27,27,11,8,-2
25,201142,2013-02-24,32,16,19,-3
26,201142,2013-02-22,37,7,17,-2
27,201142,2013-02-20,42,12,13,-2
28,201142,2013-02-14,48,8,24,-6
29,201142,2013-02-12,38,6,16,-2
30,201142,2013-02-10,29,7,11,-2
31,201142,2013-02-08,31,6,11,-2
32,201142,2013-02-06,31,7,18,-2
33,201142,2013-02-04,28,10,11,-2
34,201142,2013-02-02,37,11,21,-2
35,201142,2013-01-31,38,7,16,-2
36,201142,2013-01-27,43,2,26,-4
37,201142,2013-01-25,34,11,12,-2
38,201142,2013-01-23,39,5,17,-2
39,201142,2013-01-22,41,7,19,-1
40,201142,2013-01-20,49,7,20,-2
41,201142,2013-01-18,50,9,31,-2
42,201142,2013-01-16,29,2,12,-2
43,201142,2013-01-14,43,5,30,-2
44,201142,2013-01-13,39,4,21,-1
45,201142,2013-01-11,39,8,25,-2
46,201142,2013-01-09,34,8,17,-2
47,201142,2013-01-07,41,7,19,-2
48,201142,2013-01-06,38,7,11,-1
49,201142,2013-01-04,36,6,15,-2
50,201142,2013-01-02,41,5,17,-2
51,201142,2012-12-31,39,3,24,-2
52,201142,2012-12-29,32,2,18,-2
53,201142,2012-12-27,49,8,28,-2
54,201142,2012-12-25,39,7,21,-2
55,201142,2012-12-20,41,7,21,-5
56,201142,2012-12-19,41,13,23,-1
57,201142,2012-12-17,39,6,13,-2
58,201142,2012-12-14,36,5,14,-3
59,201142,2012-12-12,44,9,20,-2
60,201142,2012-12-09,39,8,24,-3
61,201142,2012-12-07,44,9,19,-2
62,201142,2012-12-04,42,5,16,-3
63,201142,2012-12-01,32,8,13,-3
64,201142,2012-11-30,41,4,13,-1
65,201142,2012-11-28,43,7,22,-2
66,201142,2012-11-26,26,6,8,-2
67,201142,2012-11-24,50,8,22,-2
68,201142,2012-11-23,37,3,20,-1
69,201142,2012-11-21,47,6,19,-2
70,201142,2012-11-18,39,13,16,-3
71,201142,2012-11-16,33,9,12,-2
72,201142,2012-11-14,44,10,21,-2
73,201142,2012-11-12,44,9,22,-2
74,201142,2012-11-11,36,8,16,-1
75,201142,2012-11-09,38,13,16,-2
76,201142,2012-11-08,38,4,19,-1
77,201142,2012-11-06,29,6,11,-2
78,201142,2012-11-04,42,12,17,-2
79,201142,2012-11-02,43,17,14,-2
80,201142,2012-11-01,41,14,18,-1
81,977,2013-04-12,45,5,21,0
82,977,2013-04-10,48,8,27,-2
83,977,2013-04-09,41,6,18,-1
84,977,2013-04-07,47,7,19,-2
85,977,2013-04-05,43,5,23,-2
86,977,2013-04-02,47,11,18,-3
87,977,2013-03-30,48,9,18,-3
88,977,2013-03-28,36,2,17,-2
89,977,2013-03-27,38,3,21,-1
90,977,2013-03-25,42,8,27,-2
91,977,2013-03-22,38,4,18,-3
92,977,2013-03-15,12,1,4,-7
93,977,2013-03-13,38,7,33,-2
94,977,2013-03-12,36,7,14,-1
95,977,2013-03-10,40,7,16,-2
96,977,2013-03-08,44,6,22,-2
97,977,2013-03-06,42,7,21,-2
98,977,2013-03-05,39,3,19,-1
99,977,2013-03-03,39,6,27,-2
100,977,2013-02-28,32,5,22,-3
101,977,2013-02-25,39,6,23,-3
102,977,2013-02-24,38,12,21,-1
103,977,2013-02-22,36,7,23,-2
104,977,2013-02-20,33,4,15,-2
105,977,2013-02-14,39,5,13,-6
106,977,2013-02-12,36,5,8,-2
107,977,2013-02-10,37,6,19,-2
108,977,2013-02-08,38,7,15,-2
109,977,2013-02-07,30,7,15,-1
110,977,2013-02-05,37,8,24,-2
111,977,2013-02-03,37,3,20,-2
112,977,2013-02-01,39,12,13,-2
113,977,2013-01-30,39,5,17,-2
114,977,2013-01-29,34,8,12,-1
115,977,2013-01-27,39,9,12,-2
116,977,2013-01-25,35,9,10,-2
117,977,2013-01-23,39,3,23,-2
118,977,2013-01-21,42,4,22,-2
119,977,2013-01-20,43,4,32,-1
120,977,2013-01-17,43,4,25,-3
121,977,2013-01-15,37,2,19,-2
122,977,2013-01-13,28,2,14,-2
123,977,2013-01-11,35,4,23,-2
124,977,2013-01-09,39,4,24,-2
125,977,2013-01-08,41,5,22,-1
126,977,2013-01-06,42,5,26,-2
127,977,2013-01-04,44,0,25,-2
128,977,2013-01-01,42,6,29,-3
129,977,2012-12-28,31,5,18,-4
130,977,2012-12-26,44,4,24,-2
131,977,2012-12-25,44,5,24,-1
132,977,2012-12-22,44,10,41,-3
133,977,2012-12-18,43,6,24,-4
134,977,2012-12-16,40,4,21,-2
135,977,2012-12-14,44,7,29,-2
136,977,2012-12-13,44,10,24,-1
137,977,2012-12-11,41,5,28,-2
138,977,2012-12-09,43,0,24,-2
139,977,2012-12-07,44,3,24,-2
140,977,2012-12-05,34,6,17,-2
141,977,2012-12-04,35,6,31,-1
142,977,2012-12-02,39,7,27,-2
143,977,2012-11-30,37,2,15,-2
144,977,2012-11-27,44,10,28,-3
145,977,2012-11-24,33,3,11,-3
146,977,2012-11-23,37,3,23,-1
147,977,2012-11-21,39,3,20,-2
148,977,2012-11-20,39,4,15,-1
149,977,2012-11-18,35,11,18,-2
150,977,2012-11-16,38,2,24,-2
151,977,2012-11-13,38,4,19,-3
152,977,2012-11-11,34,6,15,-2
153,977,2012-11-09,33,9,18,-2
154,977,2012-11-07,37,5,17,-2
155,977,2012-11-04,32,7,10,-3
156,977,2012-11-02,43,6,23,-2
157,977,2012-10-31,38,6,20,-2
158,977,2012-10-30,35,1,14,-1
159,2544,2013-04-14,35,7,12,0
160,2544,2013-04-12,29,6,10,-2
161,2544,2013-04-09,30,7,16,-3
162,2544,2013-04-06,30,4,17,-3
163,2544,2013-03-29,32,4,20,-8
164,2544,2013-03-27,40,7,17,-2
165,2544,2013-03-25,39,9,16,-2
166,2544,2013-03-24,34,8,14,-1
167,2544,2013-03-22,40,8,15,-2
168,2544,2013-03-20,42,12,22,-2
169,2544,2013-03-18,42,7,29,-2
170,2544,2013-03-17,34,12,12,-1
171,2544,2013-03-15,38,10,24,-2
172,2544,2013-03-13,37,7,19,-2
173,2544,2013-03-12,30,7,11,-1
174,2544,2013-03-10,36,6,10,-2
175,2544,2013-03-08,34,10,17,-2
176,2544,2013-03-06,38,3,14,-2
177,2544,2013-03-04,35,10,16,-2
178,2544,2013-03-03,43,11,23,-1
179,2544,2013-03-01,42,8,14,-2
180,2544,2013-02-26,48,8,23,-3
181,2544,2013-02-24,39,3,19,-2
182,2544,2013-02-23,32,10,12,-1
183,2544,2013-02-21,34,12,15,-2
184,2544,2013-02-20,40,6,15,-1
185,2544,2013-02-14,40,12,24,-6
186,2544,2013-02-12,39,6,15,-2
187,2544,2013-02-10,36,7,18,-2
188,2544,2013-02-08,31,5,11,-2
189,2544,2013-02-06,37,6,18,-2
190,2544,2013-02-04,38,8,14,-2
191,2544,2013-02-03,40,8,16,-1
192,2544,2013-02-01,42,6,17,-2
193,2544,2013-01-30,34,9,18,-2
194,2544,2013-01-27,52,16,31,-3
195,2544,2013-01-25,33,7,14,-2
196,2544,2013-01-23,45,10,23,-2
197,2544,2013-01-17,42,7,25,-6
198,2544,2013-01-16,31,7,20,-1
199,2544,2013-01-14,44,4,19,-2
200,2544,2013-01-12,29,5,10,-2
201,2544,2013-01-10,43,10,16,-2
202,2544,2013-01-08,43,10,20,-2
203,2544,2013-01-06,35,2,17,-2
204,2544,2013-01-04,41,6,14,-2
205,2544,2013-01-02,42,12,20,-2
206,2544,2012-12-31,48,8,22,-2
207,2544,2012-12-29,36,6,20,-2
208,2544,2012-12-28,44,6,22,-1
209,2544,2012-12-26,39,12,19,-2
210,2544,2012-12-25,42,8,20,-1
211,2544,2012-12-22,38,9,20,-3
212,2544,2012-12-20,31,9,13,-2
213,2544,2012-12-18,42,6,18,-2
214,2544,2012-12-15,31,10,15,-3
215,2544,2012-12-12,42,3,23,-3
216,2544,2012-12-10,40,7,16,-2
217,2544,2012-12-08,36,5,16,-2
218,2544,2012-12-06,39,10,20,-2
219,2544,2012-12-04,43,13,24,-2
220,2544,2012-12-01,37,9,15,-3
221,2544,2012-11-29,39,9,16,-2
222,2544,2012-11-24,40,6,16,-5
223,2544,2012-11-21,43,10,21,-3
224,2544,2012-11-17,41,7,20,-4
225,2544,2012-11-15,42,7,23,-2
226,2544,2012-11-14,41,5,23,-1
227,2544,2012-11-12,40,10,26,-2
228,2544,2012-11-11,36,10,19,-1
229,2544,2012-11-09,36,11,17,-2
230,2544,2012-11-07,30,12,12,-2
231,2544,2012-11-05,30,11,17,-2
232,2544,2012-11-03,39,9,17,-2
233,2544,2012-11-02,37,7,16,-1
234,2544,2012-10-30,29,10,16,-3
235,201935,2013-04-17,45,8,25,0
236,201935,2013-04-15,34,4,18,-2
237,201935,2013-04-14,32,4,16,-1
238,201935,2013-04-12,44,7,24,-2
239,201935,2013-04-09,44,6,21,-3
240,201935,2013-04-06,29,4,10,-3
241,201935,2013-04-05,35,7,21,-1
242,201935,2013-04-03,40,7,19,-2
243,201935,2013-03-29,27,1,9,-5
244,201935,2013-03-27,43,4,24,-2
245,201935,2013-03-24,40,9,16,-3
246,201935,2013-03-22,31,1,9,-2
247,201935,2013-03-20,38,2,14,-2
248,201935,2013-03-17,40,10,16,-3
249,201935,2013-03-15,43,7,16,-2
250,201935,2013-03-13,32,2,7,-2
251,201935,2013-03-09,42,5,17,-4
252,201935,2013-03-08,42,6,17,-1
253,201935,2013-03-06,39,4,17,-2
254,201935,2013-03-03,30,4,10,-3
255,201935,2013-03-01,42,7,18,-2
256,201935,2013-02-27,38,2,18,-2
257,201935,2013-02-23,42,4,23,-4
258,201935,2013-02-22,42,5,14,-1
259,201935,2013-02-20,44,7,19,-2
260,201935,2013-02-12,39,7,22,-8
261,201935,2013-02-10,40,6,20,-2
262,201935,2013-02-08,38,7,16,-2
263,201935,2013-02-06,41,12,16,-2
264,201935,2013-02-05,30,2,11,-1
265,201935,2013-02-02,40,11,11,-3
266,201935,2013-01-30,42,5,13,-3
267,201935,2013-01-28,28,3,15,-2
268,201935,2013-01-26,34,3,15,-2
269,201935,2013-01-25,36,4,15,-1
270,201935,2013-01-23,39,3,17,-2
271,201935,2013-01-21,41,7,20,-2
272,201935,2013-01-19,39,7,18,-2
273,201935,2013-01-18,41,5,19,-1
274,201935,2013-01-16,37,8,23,-2
275,201935,2013-01-15,35,4,20,-1
276,201935,2013-01-12,45,9,19,-3
277,201935,2013-01-11,40,1,19,-1
278,201935,2013-01-09,41,4,18,-2
279,201935,2013-01-08,40,6,19,-1
280,201935,2013-01-05,38,2,17,-3
281,201935,2013-01-04,38,2,18,-1
282,201935,2013-01-02,40,2,23,-2
283,201935,2012-12-31,34,2,17,-2
284,201935,2012-12-29,31,3,17,-2
285,201935,2012-12-28,41,5,22,-1
286,201935,2012-12-26,38,6,22,-2
287,201935,2012-12-25,36,5,13,-1
288,201935,2012-12-22,30,2,13,-3
289,201935,2012-12-19,37,2,12,-3
290,201935,2012-12-17,38,10,18,-2
291,201935,2012-12-16,41,4,18,-1
292,201935,2012-12-14,38,5,17,-2
293,201935,2012-12-12,39,4,20,-2
294,201935,2012-12-08,46,6,17,-4
295,201935,2012-12-07,34,3,16,-1
296,201935,2012-12-04,38,10,19,-3
297,201935,2012-12-01,39,2,16,-3
298,201935,2012-11-28,39,2,16,-3
299,201935,2012-11-27,44,6,19,-1
300,201935,2012-11-23,39,4,15,-4
301,201935,2012-11-21,42,4,14,-2
302,201935,2012-11-19,17,2,6,-2
303,201935,2012-11-18,38,2,18,-1
304,201935,2012-11-16,43,6,18,-2
305,201935,2012-11-14,39,3,20,-2
306,201935,2012-11-12,40,3,17,-2
307,201935,2012-11-10,35,5,14,-2
308,201935,2012-11-09,41,4,18,-1
309,201935,2012-11-07,38,3,15,-2
310,201935,2012-11-03,41,6,24,-4
311,201935,2012-11-02,40,7,19,-1
312,201935,2012-10-31,44,6,25,-2
313,2546,2013-04-14,30,5,23,0
314,2546,2013-04-12,30,14,24,-2
315,2546,2013-04-11,45,19,34,-1
316,2546,2013-04-09,31,8,21,-2
317,2546,2013-04-07,37,12,29,-2
318,2546,2013-04-05,37,14,28,-2
319,2546,2013-04-03,41,5,27,-2
320,2546,2013-04-02,40,2,26,-1
321,2546,2013-03-31,27,10,19,-2
322,2546,2013-03-29,36,11,28,-2
323,2546,2013-03-27,40,7,20,-2
324,2546,2013-03-26,36,8,30,-1
325,2546,2013-03-23,30,8,19,-3
326,2546,2013-03-22,43,6,31,-1
327,2546,2013-03-20,33,8,14,-2
328,2546,2013-03-13,22,5,12,-7
329,2546,2013-03-11,34,10,15,-2
330,2546,2013-03-04,14,1,5,-7
331,2546,2013-03-03,42,2,19,-1
332,2546,2013-03-01,43,6,24,-2
333,2546,2013-02-27,40,1,26,-2
334,2546,2013-02-24,40,7,18,-3
335,2546,2013-02-22,42,6,24,-2
336,2546,2013-02-20,28,6,21,-2
337,2546,2013-02-13,41,12,24,-7
338,2546,2013-02-10,43,8,26,-3
339,2546,2013-02-08,40,9,26,-2
340,2546,2013-02-06,44,9,23,-2
341,2546,2013-02-04,37,7,17,-2
342,2546,2013-02-02,27,3,12,-2
343,2546,2013-02-01,44,8,22,-1
344,2546,2013-01-30,39,7,17,-2
345,2546,2013-01-27,44,5,28,-3
346,2546,2013-01-26,39,9,28,-1
347,2546,2013-01-24,41,9,28,-2
348,2546,2013-01-21,45,3,29,-3
349,2546,2013-01-17,40,3,19,-4
350,2546,2013-01-13,40,7,25,-4
351,2546,2013-01-11,45,8,32,-2
352,2546,2013-01-07,37,3,26,-4
353,2546,2013-01-05,45,6,29,-2
354,2546,2013-01-03,36,8,20,-2
355,2546,2013-01-01,41,7,24,-2
356,2546,2012-12-25,43,7,23,-7
357,2546,2012-12-23,44,7,25,-2
358,2546,2012-12-21,37,3,25,-2
359,2546,2012-12-19,36,3,22,-2
360,2546,2012-12-13,23,3,15,-6
361,2546,2012-12-11,44,5,24,-2
362,2546,2012-12-09,39,6,24,-2
363,2546,2012-12-05,38,3,22,-4
364,2546,2012-12-02,38,6,27,-3
365,2546,2012-11-30,28,5,13,-2
366,2546,2012-11-28,30,8,18,-2
367,2546,2012-11-26,50,13,25,-2
368,2546,2012-11-25,32,2,18,-1
369,2546,2012-11-23,35,4,24,-2
370,2546,2012-11-21,41,6,16,-2
371,2546,2012-11-20,28,6,22,-1
372,2546,2012-11-18,31,9,22,-2
373,2546,2012-11-16,30,3,14,-2
374,2546,2012-11-15,41,12,12,-1
375,2546,2012-11-13,43,8,22,-2
376,2546,2012-11-09,34,7,22,-4
377,2546,2012-11-05,30,7,16,-4
378,2546,2012-11-04,39,5,18,-1
379,2546,2012-11-02,39,10,28,-2
380,201566,2013-04-17,7,0,5,0
381,201566,2013-04-15,36,5,19,-2
382,201566,2013-04-12,31,1,18,-3
383,201566,2013-04-11,30,3,17,-1
384,201566,2013-04-09,37,5,21,-2
385,201566,2013-04-07,34,11,27,-2
386,201566,2013-04-05,34,7,24,-2
387,201566,2013-04-04,35,7,21,-1
388,201566,2013-03-30,37,13,18,-5
389,201566,2013-03-29,32,4,17,-1
390,201566,2013-03-27,25,4,8,-2
391,201566,2013-03-24,34,4,18,-3
392,201566,2013-03-22,35,6,17,-2
393,201566,2013-03-20,41,4,25,-2
394,201566,2013-03-19,37,4,21,-1
395,201566,2013-03-17,37,6,23,-2
396,201566,2013-03-15,37,6,19,-2
397,201566,2013-03-13,28,7,11,-2
398,201566,2013-03-11,38,6,27,-2
399,201566,2013-03-10,34,1,11,-1
400,201566,2013-03-08,25,3,11,-2
401,201566,2013-03-07,36,6,22,-1
402,201566,2013-03-05,36,10,29,-2
403,201566,2013-03-03,40,6,20,-2
404,201566,2013-03-01,38,6,23,-2
405,201566,2013-02-27,26,3,17,-2
406,201566,2013-02-24,32,1,17,-3
407,201566,2013-02-22,35,7,22,-2
408,201566,2013-02-20,42,10,20,-2
409,201566,2013-02-14,44,5,19,-6
410,201566,2013-02-12,32,3,14,-2
411,201566,2013-02-10,28,1,15,-2
412,201566,2013-02-08,25,5,14,-2
413,201566,2013-02-06,30,3,19,-2
414,201566,2013-02-04,29,3,16,-2
415,201566,2013-02-02,35,2,22,-2
416,201566,2013-01-31,31,9,17,-2
417,201566,2013-01-27,39,9,22,-4
418,201566,2013-01-25,32,4,18,-2
419,201566,2013-01-23,36,5,16,-2
420,201566,2013-01-22,38,4,19,-1
421,201566,2013-01-20,48,8,26,-2
422,201566,2013-01-18,45,6,26,-2
423,201566,2013-01-16,28,2,20,-2
424,201566,2013-01-14,36,8,24,-2
425,201566,2013-01-13,34,8,21,-1
426,201566,2013-01-11,35,7,21,-2
427,201566,2013-01-09,30,8,14,-2
428,201566,2013-01-07,40,4,17,-2
429,201566,2013-01-06,35,4,17,-1
430,201566,2013-01-04,34,3,17,-2
431,201566,2013-01-02,42,2,19,-2
432,201566,2012-12-31,33,7,16,-2
433,201566,2012-12-29,30,8,22,-2
434,201566,2012-12-27,42,6,20,-2
435,201566,2012-12-25,43,11,19,-2
436,201566,2012-12-20,44,11,28,-5
437,201566,2012-12-19,39,3,21,-1
438,201566,2012-12-17,37,6,18,-2
439,201566,2012-12-14,32,2,13,-3
440,201566,2012-12-12,37,4,14,-2
441,201566,2012-12-09,34,7,17,-3
442,201566,2012-12-07,40,1,26,-2
443,201566,2012-12-04,34,2,17,-3
444,201566,2012-12-01,30,5,18,-3
445,201566,2012-11-30,39,13,18,-1
446,201566,2012-11-28,36,5,15,-2
447,201566,2012-11-26,22,2,8,-2
448,201566,2012-11-24,42,5,23,-2
449,201566,2012-11-23,38,7,21,-1
450,201566,2012-11-21,42,3,20,-2
451,201566,2012-11-18,36,2,22,-3
452,201566,2012-11-16,28,2,11,-2
453,201566,2012-11-14,43,6,19,-2
454,201566,2012-11-12,44,10,25,-2
455,201566,2012-11-11,40,6,16,-1
456,201566,2012-11-09,31,4,10,-2
457,201566,2012-11-08,36,2,22,-1
458,201566,2012-11-06,29,1,12,-2
459,201566,2012-11-04,36,5,18,-2
460,201566,2012-11-02,35,5,24,-2
461,201566,2012-11-01,37,8,21,-1
462,201939,2013-04-17,32,2,16,0
463,201939,2013-04-15,39,8,23,-2
464,201939,2013-04-12,44,6,31,-3
465,201939,2013-04-11,35,3,18,-1
466,201939,2013-04-09,39,4,21,-2
467,201939,2013-04-07,45,4,19,-2
468,201939,2013-04-05,41,1,15,-2
469,201939,2013-04-03,36,3,14,-2
470,201939,2013-03-30,37,5,22,-4
471,201939,2013-03-27,46,5,18,-3
472,201939,2013-03-25,43,7,24,-2
473,201939,2013-03-23,32,2,18,-2
474,201939,2013-03-20,36,4,20,-3
475,201939,2013-03-18,39,7,19,-2
476,201939,2013-03-17,45,5,22,-1
477,201939,2013-03-15,30,0,13,-2
478,201939,2013-03-13,43,2,17,-2
479,201939,2013-03-11,37,6,18,-2
480,201939,2013-03-09,39,2,18,-2
481,201939,2013-03-08,43,5,21,-1
482,201939,2013-03-06,34,5,11,-2
483,201939,2013-03-04,42,5,16,-2
484,201939,2013-03-02,42,3,20,-2
485,201939,2013-03-01,42,1,22,-1
486,201939,2013-02-27,48,6,28,-2
487,201939,2013-02-26,37,2,20,-1
488,201939,2013-02-24,34,5,15,-2
489,201939,2013-02-22,45,4,17,-2
490,201939,2013-02-20,41,3,16,-2
491,201939,2013-02-19,38,5,22,-1
492,201939,2013-02-12,35,5,19,-7
493,201939,2013-02-09,31,7,23,-3
494,201939,2013-02-08,40,5,22,-1
495,201939,2013-02-06,36,8,20,-2
496,201939,2013-02-05,28,4,12,-1
497,201939,2013-02-02,42,2,20,-3
498,201939,2013-01-28,26,1,12,-5
499,201939,2013-01-26,37,2,19,-2
500,201939,2013-01-25,37,1,18,-1
501,201939,2013-01-23,42,3,27,-2
502,201939,2013-01-21,37,3,14,-2
503,201939,2013-01-19,38,3,17,-2
504,201939,2013-01-13,41,0,18,-6
505,201939,2013-01-11,44,3,22,-2
506,201939,2013-01-09,41,4,22,-2
507,201939,2013-01-05,29,0,11,-4
508,201939,2013-01-02,43,6,16,-3
509,201939,2012-12-29,35,4,13,-4
510,201939,2012-12-28,39,5,11,-1
511,201939,2012-12-26,38,8,18,-2
512,201939,2012-12-22,45,8,23,-4
513,201939,2012-12-21,36,3,17,-1
514,201939,2012-12-19,42,6,24,-2
515,201939,2012-12-18,39,5,13,-1
516,201939,2012-12-15,36,8,20,-3
517,201939,2012-12-14,43,3,19,-1
518,201939,2012-12-12,42,3,10,-2
519,201939,2012-12-10,37,7,22,-2
520,201939,2012-12-08,35,3,15,-2
521,201939,2012-12-07,43,4,19,-1
522,201939,2012-12-05,37,3,15,-2
523,201939,2012-12-03,44,5,21,-2
524,201939,2012-12-01,37,1,14,-2
525,201939,2012-11-29,45,4,17,-2
526,201939,2012-11-24,39,2,19,-5
527,201939,2012-11-23,26,1,5,-1
528,201939,2012-11-21,42,6,13,-2
529,201939,2012-11-19,43,6,21,-2
530,201939,2012-11-18,33,2,17,-1
531,201939,2012-11-16,29,4,12,-2
532,201939,2012-11-14,33,1,12,-2
533,201939,2012-11-10,37,5,17,-4
534,201939,2012-11-09,30,3,16,-1
535,201939,2012-11-07,36,5,14,-2
536,201939,2012-11-05,39,6,15,-2
537,201939,2012-11-03,43,4,16,-2
538,201939,2012-11-02,43,5,20,-1
539,201939,2012-10-31,30,7,14,-2
540,101145,2013-04-17,11,0,3,0
541,101145,2013-04-15,36,2,25,-2
542,101145,2013-04-13,30,3,18,-2
543,101145,2013-04-12,44,8,23,-1
544,101145,2013-04-10,47,7,27,-2
545,101145,2013-04-09,28,4,8,-1
546,101145,2013-04-06,39,4,14,-3
547,101145,2013-04-05,32,0,13,-1
548,101145,2013-04-03,39,5,20,-2
549,101145,2013-04-01,41,4,14,-2
550,101145,2013-03-30,39,2,17,-2
551,101145,2013-03-28,36,7,16,-2
552,101145,2013-03-27,42,0,21,-1
553,101145,2013-03-24,39,4,15,-3
554,101145,2013-03-22,37,3,22,-2
555,101145,2013-03-20,40,1,14,-2
556,101145,2013-03-19,44,9,18,-1
557,101145,2013-03-17,40,6,22,-2
558,101145,2013-03-15,34,3,11,-2
559,101145,2013-03-13,43,4,19,-2
560,101145,2013-03-12,41,2,24,-1
561,101145,2013-03-10,42,4,24,-2
562,101145,2013-03-09,36,5,19,-1
563,101145,2013-03-06,35,2,15,-3
564,101145,2013-03-04,44,4,21,-2
565,101145,2013-03-02,38,5,18,-2
566,101145,2013-02-27,45,6,24,-3
567,101145,2013-02-26,44,3,17,-1
568,101145,2013-02-23,44,4,15,-3
569,101145,2013-02-20,40,4,15,-3
570,101145,2013-02-19,49,8,18,-1
571,101145,2013-02-13,46,4,24,-6
572,101145,2013-02-11,43,7,21,-2
573,101145,2013-02-09,38,2,9,-2
574,101145,2013-02-06,33,3,9,-3
575,101145,2013-02-05,42,6,21,-1
576,101145,2013-02-02,44,4,16,-3
577,101145,2013-02-01,37,5,20,-1
578,101145,2013-01-30,38,3,12,-2
579,101145,2013-01-29,34,4,14,-1
580,101145,2013-01-26,38,4,20,-3
581,101145,2013-01-25,42,6,20,-1
582,101145,2013-01-22,44,5,10,-3
583,101145,2013-01-19,34,5,15,-3
584,101145,2013-01-17,34,4,20,-2
585,101145,2013-01-15,31,6,16,-2
586,101145,2013-01-13,34,1,17,-2
587,101145,2013-01-11,27,4,12,-2
588,101145,2013-01-09,40,5,14,-2
589,101145,2013-01-08,40,3,19,-1
590,101145,2013-01-05,36,4,19,-3
591,101145,2013-01-04,31,2,19,-1
592,101145,2013-01-02,39,1,18,-2
593,101145,2012-12-30,42,4,22,-3
594,101145,2012-12-29,36,3,18,-1
595,101145,2012-12-26,37,6,14,-3
596,101145,2012-12-22,39,2,27,-4
597,101145,2012-12-21,41,7,21,-1
598,101145,2012-12-19,34,2,14,-2
599,101145,2012-12-18,40,2,23,-1
600,101145,2012-12-15,32,3,14,-3
601,101145,2012-12-14,40,6,24,-1
602,101145,2012-12-12,41,8,17,-2
603,101145,2012-12-09,41,2,13,-3
604,101145,2012-12-07,31,4,11,-2
605,101145,2012-12-05,38,7,19,-2
606,101145,2012-12-03,35,3,12,-2
607,101145,2012-12-01,40,4,20,-2
608,101145,2012-11-30,36,2,22,-1
609,101145,2012-11-28,27,2,11,-2
610,101145,2012-11-26,26,1,10,-2
611,101145,2012-11-24,36,6,17,-2
612,101145,2012-11-21,39,1,16,-3
613,101145,2012-11-19,42,3,28,-2
614,101145,2012-11-17,34,3,16,-2
615,101145,2012-11-14,28,3,15,-3
616,101145,2012-11-12,38,5,20,-2
617,101145,2012-11-10,38,2,24,-2
618,101145,2012-11-09,32,5,15,-1
619,101145,2012-11-07,36,4,18,-2
620,101145,2012-11-03,36,2,20,-4
621,101145,2012-11-02,37,3,20,-1
622,203081,2013-04-17,38,1,13,0
623,203081,2013-04-16,40,3,12,-1
624,203081,2013-04-14,40,5,17,-2
625,203081,2013-04-12,37,3,14,-2
626,203081,2013-04-10,43,1,25,-2
627,203081,2013-04-07,40,1,19,-3
628,203081,2013-04-05,40,3,12,-2
629,203081,2013-04-03,41,4,19,-2
630,203081,2013-04-01,39,5,16,-2
631,203081,2013-03-30,31,1,11,-2
632,203081,2013-03-29,40,2,16,-1
633,203081,2013-03-27,34,4,12,-2
634,203081,2013-03-24,38,4,16,-3
635,203081,2013-03-22,39,3,16,-2
636,203081,2013-03-21,37,4,17,-1
637,203081,2013-03-19,45,3,10,-2
638,203081,2013-03-18,42,7,20,-1
639,203081,2013-03-16,38,2,12,-2
640,203081,2013-03-14,40,2,18,-2
641,203081,2013-03-12,39,1,17,-2
642,203081,2013-03-10,38,2,16,-2
643,203081,2013-03-08,40,3,20,-2
644,203081,2013-03-06,36,0,16,-2
645,203081,2013-03-04,38,3,15,-2
646,203081,2013-03-02,39,6,18,-2
647,203081,2013-02-27,37,3,14,-3
648,203081,2013-02-24,39,6,16,-3
649,203081,2013-02-22,40,3,22,-2
650,203081,2013-02-19,41,0,19,-3
651,203081,2013-02-13,35,2,15,-6
652,203081,2013-02-12,39,1,18,-1
653,203081,2013-02-10,40,3,16,-2
654,203081,2013-02-08,33,3,13,-2
655,203081,2013-02-06,39,4,17,-2
656,203081,2013-02-04,38,4,17,-2
657,203081,2013-02-02,40,3,17,-2
658,203081,2013-02-01,42,3,23,-1
659,203081,2013-01-29,40,1,11,-3
660,203081,2013-01-27,37,2,14,-2
661,203081,2013-01-26,37,0,13,-1
662,203081,2013-01-23,39,2,16,-3
663,203081,2013-01-21,38,3,17,-2
664,203081,2013-01-19,42,3,21,-2
665,203081,2013-01-16,36,1,9,-3
666,203081,2013-01-15,42,8,14,-1
667,203081,2013-01-13,41,4,14,-2
668,203081,2013-01-11,43,6,25,-2
669,203081,2013-01-10,41,3,11,-1
670,203081,2013-01-07,43,3,17,-3
671,203081,2013-01-05,39,4,14,-2
672,203081,2013-01-04,38,5,14,-1
673,203081,2013-01-02,37,5,13,-2
674,203081,2013-01-01,40,5,19,-1
675,203081,2012-12-29,39,0,18,-3
676,203081,2012-12-28,37,2,17,-1
677,203081,2012-12-26,38,8,14,-2
678,203081,2012-12-23,36,2,14,-3
679,203081,2012-12-22,39,1,13,-1
680,203081,2012-12-20,35,4,14,-2
681,203081,2012-12-16,39,2,14,-4
682,203081,2012-12-13,40,7,22,-3
683,203081,2012-12-10,35,5,14,-3
684,203081,2012-12-08,39,1,13,-2
685,203081,2012-12-05,43,3,15,-3
686,203081,2012-12-03,43,3,16,-2
687,203081,2012-12-01,46,6,17,-2
688,203081,2012-11-30,31,3,8,-1
689,203081,2012-11-28,43,2,21,-2
690,203081,2012-11-26,37,3,18,-2
691,203081,2012-11-25,31,6,12,-1
692,203081,2012-11-23,37,4,17,-2
693,203081,2012-11-21,35,0,13,-2
694,203081,2012-11-18,32,2,13,-3
695,203081,2012-11-16,42,5,18,-2
696,203081,2012-11-13,35,2,10,-3
697,203081,2012-11-12,39,3,18,-1
698,203081,2012-11-10,38,3,16,-2
699,203081,2012-11-08,41,2,13,-2
700,203081,2012-11-05,33,3,13,-3
701,203081,2012-11-03,42,6,15,-2
702,203081,2012-11-02,38,3,19,-1
703,203081,2012-10-31,35,3,17,-2
704,200746,2013-04-17,32,21,23,0
705,200746,2013-04-12,28,2,14,-5
706,200746,2013-04-10,40,16,13,-2
707,200746,2013-04-07,39,6,16,-3
708,200746,2013-04-05,40,13,19,-2
709,200746,2013-03-27,32,4,14,-9
710,200746,2013-03-24,40,12,14,-3
711,200746,2013-03-22,39,13,20,-2
712,200746,2013-03-21,34,8,23,-1
713,200746,2013-03-19,43,15,21,-2
714,200746,2013-03-18,39,14,28,-1
715,200746,2013-03-16,38,12,21,-2
716,200746,2013-03-14,44,10,15,-2
717,200746,2013-03-12,40,10,19,-2
718,200746,2013-03-10,40,6,14,-2
719,200746,2013-03-08,34,5,18,-2
720,200746,2013-03-06,37,10,13,-2
721,200746,2013-03-04,35,14,16,-2
722,200746,2013-03-02,30,8,16,-2
723,200746,2013-02-27,41,5,24,-3
724,200746,2013-02-24,31,4,15,-3
725,200746,2013-02-22,34,6,19,-2
726,200746,2013-02-19,40,5,16,-3
727,200746,2013-02-13,30,3,11,-6
728,200746,2013-02-12,37,5,20,-1
729,200746,2013-02-10,38,6,21,-2
730,200746,2013-02-08,38,11,23,-2
731,200746,2013-02-06,39,10,22,-2
732,200746,2013-02-04,39,13,17,-2
733,200746,2013-02-02,42,11,18,-2
734,200746,2013-02-01,37,10,17,-1
735,200746,2013-01-29,42,13,20,-3
736,200746,2013-01-27,39,11,14,-2
737,200746,2013-01-26,40,6,14,-1
738,200746,2013-01-23,36,6,17,-3
739,200746,2013-01-21,39,12,15,-2
740,200746,2013-01-19,41,14,12,-2
741,200746,2013-01-16,37,10,14,-3
742,200746,2013-01-15,45,8,22,-1
743,200746,2013-01-13,38,11,26,-2
744,200746,2013-01-11,33,6,14,-2
745,200746,2013-01-10,42,15,19,-1
746,200746,2013-01-07,42,10,22,-3
747,200746,2013-01-05,37,9,20,-2
748,200746,2013-01-04,38,12,15,-1
749,200746,2013-01-02,35,10,12,-2
750,200746,2013-01-01,38,14,19,-1
751,200746,2012-12-29,37,5,13,-3
752,200746,2012-12-28,25,3,17,-1
753,200746,2012-12-26,37,12,21,-2
754,200746,2012-12-23,38,11,21,-3
755,200746,2012-12-22,39,9,15,-1
756,200746,2012-12-16,37,3,17,-6
757,200746,2012-12-13,37,6,16,-3
758,200746,2012-12-10,39,12,19,-3
759,200746,2012-12-08,33,10,14,-2
760,200746,2012-12-05,37,10,14,-3
761,200746,2012-12-03,45,13,17,-2
762,200746,2012-12-01,44,9,21,-2
763,200746,2012-11-30,33,8,16,-1
764,200746,2012-11-28,41,7,19,-2
765,200746,2012-11-26,41,10,22,-2
766,200746,2012-11-23,28,6,13,-3
767,200746,2012-11-21,36,7,15,-2
768,200746,2012-11-18,40,13,14,-3
769,200746,2012-11-16,43,6,19,-2
770,200746,2012-11-13,37,5,14,-3
771,200746,2012-11-12,36,6,13,-1
772,200746,2012-11-10,41,4,26,-2
773,200746,2012-11-08,42,4,17,-2
774,200746,2012-11-05,32,7,19,-3
775,200746,2012-11-03,42,11,29,-2
776,200746,2012-11-02,36,15,22,-1
777,200746,2012-10-31,39,3,20,-2
778,201942,2013-04-17,29,3,13,0
779,201942,2013-04-16,28,1,17,-1
780,201942,2013-04-14,42,5,22,-2
781,201942,2013-04-12,40,1,10,-2
782,201942,2013-04-09,34,2,13,-3
783,201942,2013-04-06,24,2,14,-3
784,201942,2013-04-05,36,4,23,-1
785,201942,2013-04-03,37,1,21,-2
786,201942,2013-04-01,41,7,17,-2
787,201942,2013-03-31,34,6,18,-1
788,201942,2013-03-29,33,4,20,-2
789,201942,2013-03-27,36,2,14,-2
790,201942,2013-03-23,39,3,15,-4
791,201942,2013-03-22,35,3,14,-1
792,201942,2013-03-20,40,3,12,-2
793,201942,2013-03-17,37,5,17,-3
794,201942,2013-03-15,31,4,5,-2
795,201942,2013-03-13,29,2,13,-2
796,201942,2013-03-10,40,3,13,-3
797,201942,2013-03-08,44,5,18,-2
798,201942,2013-03-06,30,6,13,-2
799,201942,2013-03-04,39,1,13,-2
800,201942,2013-03-02,46,3,21,-2
801,201942,2013-03-01,34,3,10,-1
802,201942,2013-02-27,44,5,19,-2
803,201942,2013-02-25,39,4,17,-2
804,201942,2013-02-22,39,1,13,-3
805,201942,2013-02-20,36,3,9,-2
806,201942,2013-02-19,37,3,18,-1
807,201942,2013-02-13,40,4,11,-6
808,201942,2013-02-12,39,8,18,-1
809,201942,2013-02-10,32,4,7,-2
810,201942,2013-02-08,41,3,17,-2
811,201942,2013-02-06,40,3,16,-2
812,201942,2013-02-03,44,3,17,-3
813,201942,2013-02-01,34,2,17,-2
814,201942,2013-01-30,35,4,16,-2
815,201942,2013-01-28,36,0,18,-2
816,201942,2013-01-26,35,4,17,-2
817,201942,2013-01-24,43,4,17,-2
818,201942,2013-01-23,32,2,10,-1
819,201942,2013-01-20,30,3,9,-3
820,201942,2013-01-18,33,4,10,-2
821,201942,2013-01-16,40,3,13,-2
822,201942,2013-01-15,34,2,15,-1
823,201942,2013-01-13,37,5,19,-2
824,201942,2013-01-11,34,2,8,-2
825,201942,2013-01-09,41,5,15,-2
826,201942,2013-01-06,33,3,16,-3
827,201942,2013-01-04,33,4,11,-2
828,201942,2013-01-02,35,2,17,-2
829,201942,2012-12-29,33,3,14,-4
830,201942,2012-12-28,49,6,22,-1
831,201942,2012-12-26,27,2,9,-2
832,201942,2012-12-21,40,8,17,-5
833,201942,2012-12-19,37,2,19,-2
834,201942,2012-12-18,36,5,9,-1
835,201942,2012-12-16,35,7,19,-2
836,201942,2012-12-14,32,4,13,-2
837,201942,2012-12-12,44,5,13,-2
838,201942,2012-12-10,43,4,16,-2
839,201942,2012-12-09,42,5,17,-1
840,201942,2012-12-07,34,5,15,-2
841,201942,2012-12-05,40,5,16,-2
842,201942,2012-12-03,40,7,13,-2
843,201942,2012-11-30,35,8,18,-3
844,201942,2012-11-28,32,4,10,-2
845,201942,2012-11-27,27,3,10,-1
846,201942,2012-11-25,51,7,28,-2
847,201942,2012-11-23,34,1,9,-2
848,201942,2012-11-21,37,3,13,-2
849,201942,2012-11-20,42,4,18,-1
850,201942,2012-11-18,38,9,16,-2
851,201942,2012-11-17,24,3,10,-1
852,201942,2012-11-13,40,5,13,-4
853,201942,2012-11-12,60,8,33,-1
854,201942,2012-11-10,44,6,17,-2
855,201942,2012-11-07,40,6,17,-3
856,201942,2012-11-06,28,1,10,-1
857,201942,2012-11-04,32,7,14,-2
858,201942,2012-11-03,34,3,13,-1
859,201942,2012-10-31,27,5,14,-3
860,101114,2013-04-17,21,1,5,0
861,101114,2013-04-14,39,0,20,-3
862,101114,2013-04-12,42,2,23,-2
863,101114,2013-04-10,39,4,18,-2
864,101114,2013-04-09,27,2,10,-1
865,101114,2013-04-06,36,2,18,-3
866,101114,2013-04-04,40,2,16,-2
867,101114,2013-04-03,27,3,14,-1
868,101114,2013-03-30,36,2,14,-4
869,101114,2013-03-29,35,2,13,-1
870,101114,2013-03-27,34,3,11,-2
871,101114,2013-03-24,37,1,15,-3
872,101114,2013-03-23,38,2,16,-1
873,101114,2013-03-20,41,3,25,-3
874,101114,2013-03-18,28,1,18,-2
875,101114,2013-03-17,38,3,14,-1
876,101114,2013-03-12,39,2,19,-5
877,101114,2013-03-11,40,6,19,-1
878,101114,2013-03-09,34,3,13,-2
879,101114,2013-03-08,38,3,24,-1
880,101114,2013-03-06,39,4,12,-2
881,101114,2013-03-02,36,2,12,-4
882,101114,2013-03-01,38,4,18,-1
883,101114,2013-02-26,37,1,21,-3
884,101114,2013-02-24,42,4,15,-2
885,101114,2013-02-22,40,2,17,-2
886,101114,2013-02-20,33,2,16,-2
887,101114,2013-02-19,45,3,13,-1
888,101114,2013-02-10,37,1,11,-9
889,101114,2013-02-08,40,6,20,-2
890,101114,2013-02-06,35,2,10,-2
891,101114,2013-02-05,38,5,13,-1
892,101114,2013-02-01,36,2,12,-4
893,101114,2013-01-30,34,1,9,-2
894,101114,2013-01-28,34,3,12,-2
895,101114,2013-01-26,41,4,15,-2
896,101114,2013-01-25,29,5,10,-1
897,101114,2013-01-23,34,6,12,-2
898,101114,2013-01-21,38,5,10,-2
899,101114,2013-01-18,38,2,19,-3
900,101114,2013-01-16,35,5,18,-2
901,101114,2013-01-15,43,1,13,-1
902,101114,2013-01-13,41,5,18,-2
903,101114,2013-01-11,35,3,5,-2
904,101114,2013-01-08,29,0,11,-3
905,101114,2013-01-05,27,6,8,-3
906,101114,2013-01-04,47,7,23,-1
907,101114,2013-01-02,39,3,12,-2
908,101114,2012-12-31,28,2,11,-2
909,101114,2012-12-29,40,4,12,-2
910,101114,2012-12-28,29,1,14,-1
911,101114,2012-12-25,36,2,7,-3
912,101114,2012-12-23,38,6,11,-2
913,101114,2012-12-19,36,5,12,-4
914,101114,2012-12-18,35,2,12,-1
915,101114,2012-12-15,36,2,13,-3
916,101114,2012-12-14,43,4,17,-1
917,101114,2012-12-12,38,2,16,-2
918,101114,2012-12-11,39,2,16,-1
919,101114,2012-12-09,38,2,19,-2
920,101114,2012-12-07,41,5,22,-2
921,101114,2012-12-04,42,4,20,-3
922,101114,2012-12-01,39,1,11,-3
923,101114,2012-11-30,30,4,9,-1
924,101114,2012-11-28,40,4,12,-2
925,101114,2012-11-26,43,6,17,-2
926,101114,2012-11-25,33,2,13,-1
927,101114,2012-11-23,37,3,10,-2
928,101114,2012-11-21,35,3,12,-2
929,101114,2012-11-20,37,4,18,-1
930,101114,2012-11-18,33,5,12,-2
931,101114,2012-11-15,38,3,17,-3
932,101114,2012-11-13,36,2,20,-2
933,101114,2012-11-11,36,7,12,-2
934,101114,2012-11-09,29,0,8,-2
935,101114,2012-11-07,31,1,15,-2
936,101114,2012-11-05,38,2,12,-2
937,101114,2012-11-03,39,1,14,-2
938,2548,2013-04-17,23,5,15,0
939,2548,2013-04-14,37,4,12,-3
940,2548,2013-04-12,34,7,12,-2
941,2548,2013-03-29,33,0,11,-14
942,2548,2013-03-27,38,7,13,-2
943,2548,2013-03-22,38,3,17,-5
944,2548,2013-03-20,38,6,11,-2
945,2548,2013-03-18,36,7,15,-2
946,2548,2013-03-17,35,3,15,-1
947,2548,2013-03-15,33,7,17,-2
948,2548,2013-03-13,39,8,14,-2
949,2548,2013-03-12,30,4,18,-1
950,2548,2013-03-10,36,2,16,-2
951,2548,2013-03-08,36,2,16,-2
952,2548,2013-03-06,39,6,16,-2
953,2548,2013-03-04,38,7,23,-2
954,2548,2013-03-03,37,8,16,-1
955,2548,2013-03-01,36,4,16,-2
956,2548,2013-02-26,45,8,28,-3
957,2548,2013-02-24,38,5,22,-2
958,2548,2013-02-23,32,6,18,-1
959,2548,2013-02-21,37,8,15,-2
960,2548,2013-02-20,35,3,18,-1
961,2548,2013-02-14,31,5,13,-6
962,2548,2013-02-12,36,9,18,-2
963,2548,2013-02-10,39,2,18,-2
964,2548,2013-02-08,31,6,16,-2
965,2548,2013-02-06,35,5,18,-2
966,2548,2013-02-04,38,12,19,-2
967,2548,2013-02-03,32,5,18,-1
968,2548,2013-02-01,41,6,16,-2
969,2548,2013-01-30,34,2,16,-2
970,2548,2013-01-27,47,4,20,-3
971,2548,2013-01-25,35,5,20,-2
972,2548,2013-01-23,40,5,19,-2
973,2548,2013-01-17,38,4,20,-6
974,2548,2013-01-16,30,8,12,-1
975,2548,2013-01-14,29,5,11,-2
976,2548,2013-01-12,25,5,5,-2
977,2548,2013-01-10,35,3,18,-2
978,2548,2013-01-08,36,5,16,-2
979,2548,2013-01-06,29,7,14,-2
980,2548,2013-01-04,33,3,11,-2
981,2548,2013-01-02,45,10,21,-2
982,2548,2012-12-31,40,6,20,-2
983,2548,2012-12-29,35,6,19,-2
984,2548,2012-12-26,37,9,19,-3
985,2548,2012-12-25,38,5,17,-1
986,2548,2012-12-22,34,7,14,-3
987,2548,2012-12-20,26,5,13,-2
988,2548,2012-12-18,27,3,14,-2
989,2548,2012-12-15,26,3,8,-3
990,2548,2012-12-12,29,4,11,-3
991,2548,2012-12-10,34,4,13,-2
992,2548,2012-12-08,32,2,12,-2
993,2548,2012-12-06,32,3,13,-2
994,2548,2012-12-04,34,2,19,-2
995,2548,2012-12-01,34,1,20,-3
996,2548,2012-11-29,32,5,17,-2
997,2548,2012-11-24,34,7,15,-5
998,2548,2012-11-21,38,3,21,-3
999,2548,2012-11-14,29,3,10,-7
1000,2548,2012-11-12,40,6,18,-2
1001,2548,2012-11-11,33,8,15,-1
1002,2548,2012-11-07,32,2,14,-4
1003,2548,2012-11-05,28,3,14,-2
1004,2548,2012-11-03,34,3,12,-2
1005,2548,2012-11-02,35,5,10,-1
1006,2548,2012-10-30,35,3,22,-3
1007,101135,2013-04-17,32,10,12,0
1008,101135,2013-04-15,36,11,10,-2
1009,101135,2013-04-12,43,8,12,-3
1010,101135,2013-04-11,32,11,13,-1
1011,101135,2013-04-09,33,12,12,-2
1012,101135,2013-04-07,45,13,17,-2
1013,101135,2013-04-05,44,14,18,-2
1014,101135,2013-04-03,38,16,15,-2
1015,101135,2013-03-30,25,8,12,-4
1016,101135,2013-03-27,43,10,13,-3
1017,101135,2013-03-25,38,12,15,-2
1018,101135,2013-03-23,35,15,9,-2
1019,101135,2013-03-20,38,12,17,-3
1020,101135,2013-03-18,30,11,9,-2
1021,101135,2013-03-17,35,10,13,-1
1022,101135,2013-03-15,24,8,12,-2
1023,101135,2013-03-13,37,15,13,-2
1024,101135,2013-03-11,38,10,15,-2
1025,101135,2013-03-08,25,5,12,-3
1026,101135,2013-03-06,40,10,14,-2
1027,101135,2013-03-04,36,11,21,-2
1028,101135,2013-03-02,40,16,14,-2
1029,101135,2013-03-01,39,19,13,-1
1030,101135,2013-02-26,36,12,12,-3
1031,101135,2013-02-24,41,13,15,-2
1032,101135,2013-02-22,42,22,20,-2
1033,101135,2013-02-20,36,11,13,-2
1034,101135,2013-02-19,31,9,13,-1
1035,101135,2013-02-12,35,12,10,-7
1036,101135,2013-02-09,21,6,9,-3
1037,101135,2013-02-08,41,6,16,-1
1038,101135,2013-02-06,33,11,13,-2
1039,101135,2013-02-05,26,7,10,-1
1040,101135,2013-02-02,37,12,16,-3
1041,101135,2013-01-31,42,20,13,-2
1042,101135,2013-01-29,39,13,12,-2
1043,101135,2013-01-28,44,12,17,-1
1044,101135,2013-01-26,38,15,18,-2
1045,101135,2013-01-25,36,6,15,-1
1046,101135,2013-01-23,42,12,18,-2
1047,101135,2013-01-21,39,11,16,-2
1048,101135,2013-01-18,38,6,18,-3
1049,101135,2013-01-16,32,11,13,-2
1050,101135,2013-01-13,42,13,18,-3
1051,101135,2013-01-11,36,10,20,-2
1052,101135,2013-01-09,41,10,14,-2
1053,101135,2013-01-05,29,5,10,-4
1054,101135,2013-01-02,40,13,16,-3
1055,101135,2012-12-29,32,5,15,-4
1056,101135,2012-12-28,38,12,19,-1
1057,101135,2012-12-26,35,9,16,-2
1058,101135,2012-12-22,45,11,18,-4
1059,101135,2012-12-21,34,11,16,-1
1060,101135,2012-12-19,44,8,17,-2
1061,101135,2012-12-18,38,9,16,-1
1062,101135,2012-12-15,33,11,14,-3
1063,101135,2012-12-14,41,15,20,-1
1064,101135,2012-12-12,38,14,18,-2
1065,101135,2012-12-10,35,11,14,-2
1066,101135,2012-12-08,35,17,16,-2
1067,101135,2012-12-07,41,15,22,-1
1068,101135,2012-12-05,38,11,12,-2
1069,101135,2012-12-03,39,9,16,-2
1070,101135,2012-12-01,38,12,12,-2
1071,101135,2012-11-29,35,9,15,-2
1072,101135,2012-11-24,36,8,14,-5
1073,101135,2012-11-23,35,10,19,-1
1074,101135,2012-11-21,43,13,15,-2
1075,101135,2012-11-19,43,19,17,-2
1076,101135,2012-11-18,35,10,16,-1
1077,101135,2012-11-16,34,13,15,-2
1078,101135,2012-11-14,37,10,17,-2
1079,101135,2012-11-10,48,9,19,-4
1080,101135,2012-11-09,31,12,10,-1
1081,101135,2012-11-07,38,14,16,-2
1082,101135,2012-11-05,41,6,13,-2
1083,101135,2012-11-03,29,12,8,-2
1084,101135,2012-11-02,35,7,13,-1
1085,101135,2012-10-31,39,9,16,-2
1086,202689,2013-04-17,36,4,16,0
1087,202689,2013-04-15,31,4,15,-2
1088,202689,2013-04-13,35,4,18,-2
1089,202689,2013-04-12,37,5,21,-1
1090,202689,2013-04-09,34,2,17,-3
1091,202689,2013-04-06,25,2,9,-3
1092,202689,2013-04-05,41,3,15,-1
1093,202689,2013-04-03,40,5,14,-2
1094,202689,2013-04-01,35,2,11,-2
1095,202689,2013-03-30,38,3,14,-2
1096,202689,2013-03-29,41,3,19,-1
1097,202689,2013-03-27,44,7,23,-2
1098,202689,2013-03-24,36,6,21,-3
1099,202689,2013-03-23,37,2,20,-1
1100,202689,2013-03-20,36,7,14,-3
1101,202689,2013-03-18,34,3,14,-2
1102,202689,2013-03-16,27,0,13,-2
1103,202689,2013-03-15,41,4,17,-1
1104,202689,2013-03-12,34,3,11,-3
1105,202689,2013-03-09,44,3,25,-3
1106,202689,2013-03-08,31,5,12,-1
1107,202689,2013-03-06,32,2,12,-2
1108,202689,2013-03-04,36,4,20,-2
1109,202689,2013-03-03,26,0,7,-1
1110,202689,2013-03-01,33,2,13,-2
1111,202689,2013-02-26,34,5,15,-3
1112,202689,2013-02-23,32,2,14,-3
1113,202689,2013-02-22,36,5,17,-1
1114,202689,2013-02-20,41,4,19,-2
1115,202689,2013-02-19,34,4,16,-1
1116,202689,2013-02-13,30,1,9,-6
1117,202689,2013-02-11,36,6,15,-2
1118,202689,2013-02-09,24,4,9,-2
1119,202689,2013-02-08,38,1,15,-1
1120,202689,2013-02-06,24,0,11,-2
1121,202689,2013-02-04,22,3,9,-2
1122,202689,2013-02-02,43,3,23,-2
1123,202689,2013-01-30,39,6,13,-3
1124,202689,2013-01-28,40,4,17,-2
1125,202689,2013-01-26,37,8,17,-2
1126,202689,2013-01-23,33,3,11,-3
1127,202689,2013-01-21,39,3,21,-2
1128,202689,2013-01-19,38,4,17,-2
1129,202689,2013-01-18,36,8,16,-1
1130,202689,2013-01-15,27,1,9,-3
1131,202689,2013-01-14,28,2,16,-1
1132,202689,2013-01-12,31,5,9,-2
1133,202689,2013-01-11,29,8,10,-1
1134,202689,2013-01-09,32,1,12,-2
1135,202689,2013-01-06,34,2,23,-3
1136,202689,2013-01-04,24,3,8,-2
1137,202689,2012-12-31,35,8,13,-4
1138,202689,2012-12-29,40,3,15,-2
1139,202689,2012-12-28,33,1,10,-1
1140,202689,2012-12-26,43,6,20,-2
1141,202689,2012-12-22,36,3,15,-4
1142,202689,2012-12-21,34,1,17,-1
1143,202689,2012-12-19,37,4,14,-2
1144,202689,2012-12-18,42,5,25,-1
1145,202689,2012-12-15,38,2,20,-3
1146,202689,2012-12-13,31,0,15,-2
1147,202689,2012-12-12,36,2,14,-1
1148,202689,2012-12-10,34,1,16,-2
1149,202689,2012-12-08,31,0,18,-2
1150,202689,2012-12-07,26,2,13,-1
1151,202689,2012-12-05,34,2,15,-2
1152,202689,2012-12-03,39,5,19,-2
1153,202689,2012-11-30,27,4,11,-3
1154,202689,2012-11-28,38,5,15,-2
1155,202689,2012-11-26,20,0,6,-2
1156,202689,2012-11-24,47,7,17,-2
1157,202689,2012-11-23,44,4,15,-1
1158,202689,2012-11-21,39,3,16,-2
1159,202689,2012-11-19,36,3,13,-2
1160,202689,2012-11-17,42,5,17,-2
1161,202689,2012-11-14,45,4,19,-3
1162,202689,2012-11-13,35,3,13,-1
1163,202689,2012-11-10,41,6,22,-3
1164,202689,2012-11-09,25,4,14,-1
1165,202689,2012-11-07,40,1,14,-2
1166,202689,2012-11-03,31,3,10,-4
1167,202689,2012-11-02,33,5,21,-1
1168,2747,2013-04-14,30,8,16,0
1169,2747,2013-04-12,29,5,16,-2
1170,2747,2013-04-11,42,14,27,-1
1171,2747,2013-04-09,32,2,14,-2
1172,2747,2013-04-07,35,7,18,-2
1173,2747,2013-04-05,34,10,22,-2
1174,2747,2013-04-03,31,1,15,-2
1175,2747,2013-04-02,30,6,15,-1
1176,2747,2013-03-31,33,12,12,-2
1177,2747,2013-03-29,37,2,18,-2
1178,2747,2013-03-27,42,7,18,-2
1179,2747,2013-03-26,34,7,24,-1
1180,2747,2013-03-23,31,5,16,-3
1181,2747,2013-03-22,38,5,10,-1
1182,2747,2013-03-20,38,7,16,-2
1183,2747,2013-03-18,31,5,13,-2
1184,2747,2013-03-17,36,6,20,-1
1185,2747,2013-03-14,35,3,21,-3
1186,2747,2013-03-13,32,5,12,-1
1187,2747,2013-03-11,21,0,11,-2
1188,2747,2013-03-09,28,6,18,-2
1189,2747,2013-03-07,36,3,29,-2
1190,2747,2013-03-06,40,4,22,-1
1191,2747,2013-03-04,38,7,17,-2
1192,2747,2013-03-03,36,12,18,-1
1193,2747,2013-03-01,33,12,13,-2
1194,2747,2013-02-27,35,5,19,-2
1195,2747,2013-02-24,36,6,12,-3
1196,2747,2013-02-22,33,4,12,-2
1197,2747,2013-02-20,19,1,7,-2
1198,2747,2013-02-13,34,4,17,-7
1199,2747,2013-02-10,34,3,9,-3
1200,2747,2013-02-08,35,8,14,-2
1201,2747,2013-02-06,35,2,14,-2
1202,2747,2013-02-04,30,4,15,-2
1203,2747,2013-02-02,22,6,16,-2
1204,2747,2013-02-01,36,5,14,-1
1205,2747,2013-01-30,35,5,8,-2
1206,2747,2013-01-27,37,3,15,-3
1207,2747,2013-01-26,27,6,8,-1
1208,2747,2013-01-24,35,6,16,-2
1209,2747,2013-01-21,38,4,19,-3
1210,2747,2013-01-17,38,6,15,-4
1211,2747,2013-01-13,27,4,11,-4
1212,2747,2013-01-11,39,3,17,-2
1213,2747,2013-01-10,40,3,29,-1
1214,2747,2013-01-07,39,3,18,-3
1215,2747,2013-01-05,31,6,18,-2
1216,2747,2013-01-03,27,5,17,-2
1217,2747,2013-01-01,40,11,22,-2
1218,2747,2012-12-28,43,7,25,-4
1219,2747,2012-12-26,37,6,27,-2
1220,2747,2012-12-25,37,5,23,-1
1221,2747,2012-12-23,39,5,15,-2
1222,2747,2012-12-21,32,10,20,-2
1223,2747,2012-12-19,37,5,11,-2
1224,2747,2012-12-17,20,3,13,-2
1225,2747,2012-12-15,35,3,20,-2
1226,2747,2012-12-13,27,3,14,-2
1227,2747,2012-12-11,32,4,15,-2
1228,2747,2012-12-09,34,9,19,-2
1229,2747,2012-12-08,35,2,14,-1
1230,2747,2012-12-06,23,6,15,-2
1231,2747,2012-12-05,32,1,16,-1
1232,2747,2012-12-02,37,5,11,-3
1233,2747,2012-11-30,38,2,14,-2
1234,2747,2012-11-28,18,2,5,-2
1235,2747,2012-11-26,41,7,7,-2
1236,2747,2012-11-25,31,10,8,-1
1237,2747,2012-11-23,35,5,13,-2
1238,2747,2012-11-21,32,3,13,-2
1239,2747,2012-11-20,30,5,14,-1
1240,2747,2012-11-18,30,7,10,-2
1241,2747,2012-11-16,34,7,10,-2
1242,2747,2012-11-15,37,5,13,-1
1243,2747,2012-11-13,32,4,14,-2
1244,2747,2012-11-09,33,1,16,-4
1245,2747,2012-11-05,34,7,15,-4
1246,2747,2012-11-04,35,9,15,-1
1247,2747,2012-11-02,34,3,11,-2
1248,201933,2013-04-17,31,4,10,0
1249,201933,2013-04-16,27,6,9,-1
1250,201933,2013-04-13,33,9,12,-3
1251,201933,2013-04-12,39,5,16,-1
1252,201933,2013-04-10,30,8,13,-2
1253,201933,2013-04-07,37,12,18,-3
1254,201933,2013-04-03,27,5,7,-4
1255,201933,2013-04-01,28,5,13,-2
1256,201933,2013-03-30,28,3,11,-2
1257,201933,2013-03-29,38,7,20,-1
1258,201933,2013-03-27,36,5,12,-2
1259,201933,2013-03-26,37,9,12,-1
1260,201933,2013-03-23,39,7,11,-3
1261,201933,2013-03-20,26,9,9,-3
1262,201933,2013-03-19,38,4,14,-1
1263,201933,2013-03-17,38,12,14,-2
1264,201933,2013-03-13,37,6,15,-4
1265,201933,2013-03-10,21,8,12,-3
1266,201933,2013-03-07,33,2,12,-3
1267,201933,2013-03-06,33,11,14,-1
1268,201933,2013-03-03,32,9,14,-3
1269,201933,2013-03-01,29,11,12,-2
1270,201933,2013-02-28,36,14,10,-1
1271,201933,2013-02-26,31,7,14,-2
1272,201933,2013-02-23,31,7,12,-3
1273,201933,2013-02-21,29,8,17,-2
1274,201933,2013-02-14,31,10,15,-7
1275,201933,2013-02-13,32,11,10,-1
1276,201933,2013-02-11,28,9,14,-2
1277,201933,2013-02-10,38,12,12,-1
1278,201933,2013-02-08,24,5,7,-2
1279,201933,2013-02-03,37,11,14,-5
1280,201933,2013-02-01,34,9,11,-2
1281,201933,2013-01-30,36,13,17,-2
1282,201933,2013-01-27,28,5,15,-3
1283,201933,2013-01-26,38,8,19,-1
1284,201933,2013-01-24,37,8,9,-2
1285,201933,2013-01-22,37,11,19,-2
1286,201933,2013-01-21,41,13,18,-1
1287,201933,2013-01-19,33,11,18,-2
1288,201933,2013-01-17,35,4,19,-2
1289,201933,2013-01-15,33,4,13,-2
1290,201933,2013-01-14,25,6,8,-1
1291,201933,2013-01-12,35,8,22,-2
1292,201933,2013-01-09,34,13,13,-3
1293,201933,2013-01-05,30,5,12,-4
1294,201933,2013-01-04,29,5,16,-1
1295,201933,2013-01-02,35,6,11,-2
1296,201933,2013-01-01,28,9,11,-1
1297,201933,2012-12-30,26,7,5,-2
1298,201933,2012-12-28,39,13,10,-2
1299,201933,2012-12-27,26,8,11,-1
1300,201933,2012-12-25,26,6,12,-2
1301,201933,2012-12-23,32,11,12,-2
1302,201933,2012-12-21,35,13,16,-2
1303,201933,2012-12-19,29,4,12,-2
1304,201933,2012-12-17,28,4,11,-2
1305,201933,2012-12-15,27,11,12,-2
1306,201933,2012-12-12,38,5,17,-3
1307,201933,2012-12-11,37,10,19,-1
1308,201933,2012-12-09,29,9,11,-2
1309,201933,2012-12-08,29,8,17,-1
1310,201933,2012-12-05,28,13,13,-3
1311,201933,2012-12-03,37,11,20,-2
1312,201933,2012-12-01,29,9,10,-2
1313,201933,2012-11-28,33,6,17,-3
1314,201933,2012-11-26,35,6,9,-2
1315,201933,2012-11-24,34,11,17,-2
1316,201933,2012-11-23,37,8,10,-1
1317,201933,2012-11-21,39,6,16,-2
1318,201933,2012-11-19,34,12,18,-2
1319,201933,2012-11-17,33,10,18,-2
1320,201933,2012-11-14,30,14,16,-3
1321,201933,2012-11-11,30,6,11,-3
1322,201933,2012-11-08,26,10,9,-3
1323,201933,2012-11-07,30,10,16,-1
1324,201933,2012-11-05,35,6,14,-2
1325,201933,2012-11-03,38,11,12,-2
1326,201933,2012-11-02,33,8,15,-1
1327,201933,2012-10-31,32,7,10,-2
1328,201572,2013-04-17,21,9,15,0
1329,201572,2013-04-14,27,5,19,-3
1330,201572,2013-04-12,36,6,16,-2
1331,201572,2013-04-10,30,4,14,-2
1332,201572,2013-04-09,26,11,22,-1
1333,201572,2013-04-06,33,5,14,-3
1334,201572,2013-04-04,37,5,19,-2
1335,201572,2013-04-03,26,6,9,-1
1336,201572,2013-03-30,32,7,16,-4
1337,201572,2013-03-29,23,7,15,-1
1338,201572,2013-03-27,31,5,22,-2
1339,201572,2013-03-24,33,5,16,-3
1340,201572,2013-03-23,33,2,14,-1
1341,201572,2013-03-20,37,11,22,-3
1342,201572,2013-03-18,23,7,10,-2
1343,201572,2013-03-17,35,6,19,-1
1344,201572,2013-03-12,32,5,15,-5
1345,201572,2013-03-11,33,6,13,-1
1346,201572,2013-03-09,28,9,16,-2
1347,201572,2013-03-08,32,7,11,-1
1348,201572,2013-03-06,33,5,7,-2
1349,201572,2013-03-02,34,3,16,-4
1350,201572,2013-03-01,34,9,14,-1
1351,201572,2013-02-26,31,7,14,-3
1352,201572,2013-02-24,26,4,10,-2
1353,201572,2013-02-22,35,6,21,-2
1354,201572,2013-02-20,23,1,13,-2
1355,201572,2013-02-19,34,9,17,-1
1356,201572,2013-02-13,39,8,15,-6
1357,201572,2013-02-11,42,8,19,-2
1358,201572,2013-02-10,34,9,13,-1
1359,201572,2013-02-08,32,8,11,-2
1360,201572,2013-02-06,30,9,14,-2
1361,201572,2013-02-05,40,11,25,-1
1362,201572,2013-02-01,29,4,16,-4
1363,201572,2013-01-30,32,7,13,-2
1364,201572,2013-01-28,28,5,8,-2
1365,201572,2013-01-26,33,7,13,-2
1366,201572,2013-01-25,27,4,15,-1
1367,201572,2013-01-23,26,7,16,-2
1368,201572,2013-01-21,34,11,13,-2
1369,201572,2013-01-18,32,6,12,-3
1370,201572,2013-01-16,29,9,14,-2
1371,201572,2013-01-15,29,9,12,-1
1372,201572,2013-01-13,29,9,14,-2
1373,201572,2013-01-11,35,8,16,-2
1374,201572,2013-01-08,23,2,10,-3
1375,201572,2013-01-05,16,5,12,-3
1376,201572,2013-01-04,44,13,15,-1
1377,201572,2013-01-02,29,5,17,-2
1378,201572,2012-12-31,22,5,11,-2
1379,201572,2012-12-29,36,11,20,-2
1380,201572,2012-12-28,27,11,12,-1
1381,201572,2012-12-26,29,10,18,-2
1382,201572,2012-12-25,37,8,12,-1
1383,201572,2012-12-23,27,7,14,-2
1384,201572,2012-12-19,29,10,18,-4
1385,201572,2012-12-18,30,5,12,-1
1386,201572,2012-12-15,25,10,17,-3
1387,201572,2012-12-14,24,4,10,-1
1388,201572,2012-11-28,17,10,10,-16
1389,201572,2012-11-26,38,11,20,-2
1390,201572,2012-11-25,28,8,14,-1
1391,201572,2012-11-23,33,5,24,-2
1392,201572,2012-11-21,28,3,16,-2
1393,201572,2012-11-20,37,7,18,-1
1394,201572,2012-11-18,28,5,14,-2
1395,201572,2012-11-15,35,6,14,-3
1396,201572,2012-11-13,29,7,14,-2
1397,201572,2012-11-11,35,3,18,-2
1398,201572,2012-11-09,24,10,7,-2
1399,201572,2012-11-07,21,7,8,-2
1400,201572,2012-11-05,32,8,14,-2
1401,201572,2012-11-03,32,5,17,-2
1402,1718,2013-04-17,14,1,7,0
1403,1718,2013-04-13,27,6,12,-4
1404,1718,2013-04-10,33,3,11,-3
1405,1718,2013-04-07,30,4,13,-3
1406,1718,2013-04-03,33,3,14,-4
1407,1718,2013-03-31,32,15,16,-3
1408,1718,2013-03-29,38,10,18,-2
1409,1718,2013-03-27,36,10,16,-2
1410,1718,2013-03-26,36,6,10,-1
1411,1718,2013-03-23,32,6,17,-3
1412,1718,2013-03-22,35,5,9,-1
1413,1718,2013-03-20,33,2,17,-2
1414,1718,2013-03-18,40,8,11,-2
1415,1718,2013-03-16,23,6,7,-2
1416,1718,2013-03-13,24,4,6,-3
1417,1718,2013-03-10,35,4,12,-3
1418,1718,2013-03-08,39,7,16,-2
1419,1718,2013-03-06,34,8,15,-2
1420,1718,2013-03-05,30,11,10,-1
1421,1718,2013-03-01,36,8,15,-4
1422,1718,2013-02-25,39,7,20,-4
1423,1718,2013-02-24,32,7,16,-1
1424,1718,2013-02-22,26,5,5,-2
1425,1718,2013-02-20,33,4,17,-2
1426,1718,2013-02-19,35,6,14,-1
1427,1718,2013-02-13,34,6,12,-6
1428,1718,2013-02-11,29,8,12,-2
1429,1718,2013-02-10,54,14,20,-1
1430,1718,2013-02-07,30,7,17,-3
1431,1718,2013-02-06,37,11,11,-1
1432,1718,2013-02-03,36,5,16,-3
1433,1718,2013-02-01,29,11,10,-2
1434,1718,2013-01-30,31,10,9,-2
1435,1718,2013-01-27,49,13,16,-3
1436,1718,2013-01-25,40,6,13,-2
1437,1718,2013-01-24,37,6,15,-1
1438,1718,2013-01-22,37,7,15,-2
1439,1718,2013-01-20,36,8,10,-2
1440,1718,2013-01-18,34,6,17,-2
1441,1718,2013-01-16,31,10,16,-2
1442,1718,2013-01-14,32,4,16,-2
1443,1718,2013-01-11,29,6,14,-3
1444,1718,2013-01-09,24,7,10,-2
1445,1718,2013-01-07,28,3,18,-2
1446,1718,2013-01-05,36,9,20,-2
1447,1718,2013-01-04,29,6,10,-1
1448,1718,2013-01-02,34,7,14,-2
1449,1718,2012-12-30,25,1,15,-3
1450,1718,2012-12-29,33,4,20,-1
1451,1718,2012-12-27,27,2,13,-2
1452,1718,2012-12-25,31,5,10,-2
1453,1718,2012-12-21,43,12,23,-4
1454,1718,2012-12-19,34,8,16,-2
1455,1718,2012-12-18,31,3,10,-1
1456,1718,2012-12-15,30,5,13,-3
1457,1718,2012-12-14,41,7,18,-1
1458,1718,2012-12-12,44,6,25,-2
1459,1718,2012-12-08,33,3,11,-4
1460,1718,2012-12-07,45,4,24,-1
1461,1718,2012-12-05,25,4,15,-2
1462,1718,2012-12-01,37,5,16,-4
1463,1718,2012-11-30,27,8,7,-1
1464,1718,2012-11-28,39,9,13,-2
1465,1718,2012-11-25,37,5,17,-3
1466,1718,2012-11-23,31,4,16,-2
1467,1718,2012-11-21,36,0,11,-2
1468,1718,2012-11-18,30,4,13,-3
1469,1718,2012-11-17,25,6,15,-1
1470,1718,2012-11-15,34,7,12,-2
1471,1718,2012-11-14,29,2,17,-1
1472,1718,2012-11-12,33,6,13,-2
1473,1718,2012-11-10,35,9,18,-2
1474,1718,2012-11-09,36,4,16,-1
1475,1718,2012-11-07,41,10,12,-2
1476,1718,2012-11-03,35,7,22,-4
1477,1718,2012-11-02,28,6,11,-1
1478,1718,2012-10-30,41,5,15,-3
1479,201943,2013-04-17,23,2,14,0
1480,201943,2013-04-15,29,3,11,-2
1481,201943,2013-04-10,6,0,2,-5
1482,201943,2013-04-09,36,3,16,-1
1483,201943,2013-04-06,28,2,14,-3
1484,201943,2013-04-05,37,4,20,-1
1485,201943,2013-04-03,36,3,14,-2
1486,201943,2013-04-01,24,3,15,-2
1487,201943,2013-03-30,38,1,13,-2
1488,201943,2013-03-28,32,2,14,-2
1489,201943,2013-03-27,17,0,3,-1
1490,201943,2013-03-24,43,3,15,-3
1491,201943,2013-03-22,31,2,15,-2
1492,201943,2013-03-20,39,1,18,-2
1493,201943,2013-03-19,39,4,20,-1
1494,201943,2013-03-17,44,2,15,-2
1495,201943,2013-03-15,41,5,15,-2
1496,201943,2013-03-13,41,3,8,-2
1497,201943,2013-03-12,27,5,7,-1
1498,201943,2013-03-10,37,1,11,-2
1499,201943,2013-03-09,43,3,16,-1
1500,201943,2013-03-06,39,1,12,-3
1501,201943,2013-03-04,47,1,14,-2
1502,201943,2013-03-02,45,5,12,-2
1503,201943,2013-02-27,30,4,8,-3
1504,201943,2013-02-26,32,3,11,-1
1505,201943,2013-02-23,30,2,11,-3
1506,201943,2013-02-20,42,2,18,-3
1507,201943,2013-02-19,48,6,26,-1
1508,201943,2013-02-13,42,4,21,-6
1509,201943,2013-02-11,39,1,17,-2
1510,201943,2013-02-09,38,2,27,-2
1511,201943,2013-02-06,35,5,16,-3
1512,201943,2013-02-05,40,2,15,-1
1513,201943,2013-02-02,33,1,16,-3
1514,201943,2013-02-01,37,1,18,-1
1515,201943,2013-01-30,40,2,18,-2
1516,201943,2013-01-29,30,2,19,-1
1517,201943,2013-01-26,38,6,15,-3
1518,201943,2013-01-25,32,3,19,-1
1519,201943,2013-01-22,39,1,17,-3
1520,201943,2013-01-19,37,2,20,-3
1521,201943,2013-01-17,29,5,14,-2
1522,201943,2013-01-15,29,1,14,-2
1523,201943,2013-01-13,32,4,13,-2
1524,201943,2013-01-11,29,3,13,-2
1525,201943,2013-01-09,40,6,24,-2
1526,201943,2013-01-08,37,3,15,-1
1527,201943,2013-01-05,33,4,15,-3
1528,201943,2013-01-04,38,3,15,-1
1529,201943,2013-01-02,44,0,26,-2
1530,201943,2012-12-30,38,6,12,-3
1531,201943,2012-12-29,42,2,16,-1
1532,201943,2012-12-26,42,4,15,-3
1533,201943,2012-12-22,38,4,13,-4
1534,201943,2012-12-21,48,11,11,-1
1535,201943,2012-12-19,42,7,26,-2
1536,201943,2012-12-18,44,5,22,-1
1537,201943,2012-12-15,31,1,13,-3
1538,201943,2012-12-14,42,1,20,-1
1539,201943,2012-12-12,42,4,21,-2
1540,201943,2012-12-09,41,6,19,-3
1541,201943,2012-12-07,36,2,16,-2
1542,201943,2012-12-05,39,2,15,-2
1543,201943,2012-12-03,43,2,23,-2
1544,201943,2012-12-01,40,6,12,-2
1545,201943,2012-11-30,35,6,19,-1
1546,201943,2012-11-28,29,3,8,-2
1547,201943,2012-11-26,26,1,9,-2
1548,201943,2012-11-24,38,1,20,-2
1549,201943,2012-11-21,49,7,25,-3
1550,201943,2012-11-19,33,4,18,-2
1551,201943,2012-11-17,41,2,16,-2
1552,201943,2012-11-14,29,3,12,-3
1553,201943,2012-11-12,38,5,21,-2
1554,201943,2012-11-10,42,4,11,-2
1555,201943,2012-11-09,31,1,9,-1
1556,201943,2012-11-07,37,3,20,-2
1557,201943,2012-11-03,37,4,13,-4
1558,201943,2012-11-02,29,2,17,-1
